sym,conid,last,iv,hv30,asof
AAPL,265598,334.59,0.2588842477531604,0.23401088281077873,2026-10-01
ABBV,118089500,261.59,0.30056376855059147,0.23114712159168238,2026-10-01
ABT,4065,99.16,0.32393853815654905,0.23613171706172809,2026-10-01
ACN,67889930,183.0,0.507747506368473,0.38840475886847736,2026-10-01
ADBE,265768,239.99,0.4132456287721152,0.408782864616559,2026-10-01
AIG,61319701,74.42,0.24511748774160286,0.19005595797953823,2026-10-01
AMD,4391,631.0,0.5054688717687632,0.48481382004262213,2026-10-01
AMGN,266145,421.51,0.2757484067600893,0.33090887882720826,2026-10-01
AMT,99831145,163.69,0.27027706681953145,0.21936029950088964,2026-10-01
AMZN,3691937,251.3,0.39009202766479695,0.24403087217604252,2026-10-01
AVGO,313130367,356.8,0.3509260485472859,0.3479834994882947,2026-10-01
AXP,4721,304.4,0.29547849388600234,0.1882192774193972,2026-10-01
BA,4762,187.4,0.38080573295471754,0.29384984021312655,2026-10-01
BAC,10098,54.43,0.281566996178,0.2171426307519553,2026-10-01
BK,44986804,144.63,0.27710466810525197,0.19373090655060696,2026-10-01
BKNG,308728373,164.17,0.4217141988448175,0.3548571613944405,2026-10-01
BLK,729193719,1058.29,0.31552511876404155,0.2206810585553731,2026-10-01
BMY,5111,62.4,0.3527135842323133,0.23956696056401436,2026-10-01
BRK-B,72063691,498.9,0.1353809437832815,0.12426882247965498,2026-10-01
C,87335484,129.48,0.31448579402832455,0.2700491905690517,2026-10-01
CAT,5437,821.45,0.4326843044241873,0.3302215126365937,2026-10-01
CHTR,233674866,110.9,0.6564525666329443,0.48840145882042574,2026-10-01
CL,5749,85.32,0.23644518914322538,0.1981979930642084,2026-10-01
CMCSA,267748,21.82,0.38275122305079856,0.29199252279275917,2026-10-01
COF,5941,193.07,0.35701056726901786,0.24316253659575113,2026-10-01
COP,10885,125.11,0.3179645457888879,0.278942089875802,2026-10-01
COST,272997,910.72,0.176292222096534,0.1915322872111123,2026-10-01
CRM,29624264,229.69,0.3905854709314876,0.5723934799414823,2026-10-01
CSCO,268084,108.42,0.29391804089676016,0.24596121233259524,2026-10-01
CVS,2585769,85.69,0.34000826192263206,0.23279648295900007,2026-10-01
CVX,5684,203.3,0.27745594571193066,0.22942156258660606,2026-10-01
DE,6393,671.55,0.2880719227857374,0.35704625602921536,2026-10-01
DHR,6442,221.55,0.394039025757452,0.2847299354438869,2026-10-01
DIS,6459,105.06,0.24675837176252416,0.19504531580194384,2026-10-01
DUK,110176011,114.03,0.1737772707761572,0.1385161932897378,2026-10-01
EMR,6842,155.1,0.267897077291309,0.24962663619894412,2026-10-01
F,9599491,12.07,0.40566656539661167,0.30463021850519034,2026-10-01
FDX,5100583,285.09,0.3976116960797727,0.22877229521487083,2026-10-01
GD,7496,332.97,0.2537970498922636,0.18069634814151614,2026-10-01
GE,498843743,312.29,0.3811519188672287,0.2829773897754377,2026-10-01
GILD,269753,149.05,0.33193378574437793,0.2715398068577055,2026-10-01
GM,80986742,77.0,0.39691219252287574,0.2901733041912712,2026-10-01
GOOGL,208813719,355.11,0.35440689231575667,0.2557859452511025,2026-10-01
GS,4627828,906.6,0.3401854768890838,0.28077559553436976,2026-10-01
HD,7930,285.2,0.2752211807709932,0.2287881697227372,2026-10-01
HON,892744244,210.94,0.331665726405452,0.22202245447008281,2026-10-01
IBM,8314,220.42,0.43741537439668654,0.3057509587605573,2026-10-01
INTC,270639,123.96,0.7450130808621386,0.621225053589277,2026-10-01
INTU,270662,275.01,0.4850020366847781,0.5270368360656398,2026-10-01
ISRG,9063285,407.0,0.4356840322129154,0.3175107941879772,2026-10-01
JNJ,8719,264.73,0.25914882046966664,0.22379246209718504,2026-10-01
JPM,1520593,331.81,0.2631893662635249,0.20531929729306986,2026-10-01
KO,8894,86.09,0.21266802801278717,0.1648964504621006,2026-10-01
LIN,617155599,474.65,0.22045086985078755,0.16953498166065906,2026-10-01
LLY,9160,1160.0,0.4059479461172919,0.30612400969541737,2026-10-01
LMT,611191,510.0,0.2982339116969069,0.2260847410330914,2026-10-01
LOW,9199,184.29,0.28925961893368773,0.2683236315639754,2026-10-01
MA,38685693,551.47,0.24741710504259432,0.16292642403588192,2026-10-01
MCD,9408,231.2,0.21396528755554636,0.19420237943423868,2026-10-01
MDLZ,113599091,57.82,0.22700917306973464,0.2137994593952941,2026-10-01
MDT,181387075,86.25,0.31870018615664164,0.2700603027245582,2026-10-01
MET,8093509,94.16,0.2558616628633491,0.20239045059172134,2026-10-01
META,107113386,730.66,0.461381937697759,0.4287450582585413,2026-10-01
MMM,9720,164.15,0.3187064464642179,0.21081981426877314,2026-10-01
MO,9769,67.43,0.24938334838024065,0.22537673798225052,2026-10-01
MS,2841574,188.08,0.3351277320910741,0.25046798511586266,2026-10-01
MRK,70101545,145.31,0.366236179575652,0.3705126010522719,2026-10-01
MSFT,272093,515.43,0.3507662978038145,0.24712163885762817,2026-10-01
NEE,75960201,76.19,0.2573776150863051,0.15529872300608272,2026-10-01
NFLX,15124833,69.79,0.44777916283342517,0.30852106038324195,2026-10-01
NKE,10291,35.52,0.4779253151692983,0.2956642964622546,2026-10-01
NOW,109911821,133.94,0.5808498450687735,0.5176470646626715,2026-10-01
NVDA,4815747,231.79,0.30738077097168565,0.353141127094084,2026-10-01
ORCL,272800,140.5,0.5316818707903274,0.59849275832461,2026-10-01
PEP,11017,126.84,0.24525046943803366,0.18562062048166955,2026-10-01
PFE,11031,28.49,0.2230909105805311,0.2165441618053925,2026-10-01
PG,11054,145.28,0.2271809781148344,0.17164946610846188,2026-10-01
PLTR,444857009,188.6,0.4438183755749126,0.4256781033387553,2026-10-01
PM,49588376,191.07,0.3166052247149736,0.24582151666337104,2026-10-01
PYPL,199169591,53.04,0.44956073353973813,0.4980468098000428,2026-10-01
QCOM,273544,188.6,0.477906121021573,0.5264542416269433,2026-10-01
RTX,415342104,185.65,0.3051104041420061,0.20455732091548326,2026-10-01
SBUX,274105,94.0,0.3409254239153941,0.2415512740473128,2026-10-01
SCHW,11905,97.74,0.3126033381634915,0.25207131041036784,2026-10-01
SO,12300,82.7,0.18716710514504606,0.14302772842536512,2026-10-01
SPG,2009113,200.76,0.21455387561132463,0.15141423093117767,2026-10-01
T,37018770,24.42,0.29385479065287506,0.23162176937688736,2026-10-01
TGT,6437,156.69,0.2965891347050571,0.3163090939424917,2026-10-01
TMO,12869,675.05,0.37230421040288164,0.2554255939225355,2026-10-01
TMUS,125980227,163.08,0.356344403232254,0.27587989730837587,2026-10-01
TSLA,76792991,357.69,0.45169463312563823,0.3857680031118703,2026-10-01
TXN,13096,282.95,0.48317140206832254,0.3459896613002764,2026-10-01
UBER,365207014,68.82,0.34226592439647296,0.3024109623054694,2026-10-01
UNH,13272,368.35,0.4123890359512277,0.2540143501732136,2026-10-01
UNP,13284,272.13,0.2681904474891919,0.19506595266217014,2026-10-01
UPS,6231002,93.44,0.3613277245426654,0.2063241536410122,2026-10-01
USB,11669769,57.76,0.27937332897544737,0.22022228527803447,2026-10-01
V,49462172,359.97,0.24360184581476482,0.16161677713690495,2026-10-01
VZ,4901,45.95,0.26887954717033913,0.20166816048380073,2026-10-01
WFC,10375,80.47,0.3049157277419244,0.24093851804367025,2026-10-01
WMT,13824,104.33,0.21141100064998772,0.28850013106215394,2026-10-01
XOM,895178251,161.29,0.29897006185524594,0.2612150269414071,2026-10-01
